id,conversation_id,created_at,date,timezone,place,tweet,language,hashtags,cashtags,user_id,user_id_str,username,name,day,hour,link,urls,photos,video,thumbnail,retweet,nlikes,nreplies,nretweets,quote_url,search,near,geo,source,user_rt_id,user_rt,retweet_id,reply_to,retweet_date,translate,trans_src,trans_dest
1542236063791566848,1541498855061164034,1656532705000.0,2022-06-29 19:58:25,+0000,,@larrouturou @zoo_bear @AltNews @PMOIndia @India_NHRC @FranceinIndia @narendramodi Thank you for raising this very important issue. ğŸ™,en,[],[],1208781137973264384,1208781137973264384,IndiaSolNW,The India Alliance,3,19,https://twitter.com/IndiaSolNW/status/1542236063791566848,[],[],0,,False,0,0,0,,None,,,,,,,"[{'screen_name': 'larrouturou', 'name': 'Pierre Larrouturou', 'id': '18578222'}, {'screen_name': 'zoo_bear', 'name': 'Mohammed Zubair', 'id': '935142655213703168'}, {'screen_name': 'AltNews', 'name': 'Alt News', 'id': '717020664587227136'}, {'screen_name': 'PMOIndia', 'name': 'PMO India', 'id': '471741741'}, {'screen_name': 'India_NHRC', 'name': 'NHRC India', 'id': '1231877652715208705'}, {'screen_name': 'FranceinIndia', 'name': 'Emmanuel Lenain ğŸ‡«ğŸ‡·ğŸ‡ªğŸ‡º', 'id': '1562957431'}, {'screen_name': 'narendramodi', 'name': 'Narendra Modi', 'id': '18839785'}]",,,,
1542223490262061057,1541498855061164034,1656529707000.0,2022-06-29 19:08:27,+0000,,@larrouturou @zoo_bear @AltNews @PMOIndia @India_NHRC @FranceinIndia @narendramodi You know what? You don't need to behave like #Rudaali just because your surname is #Larrouturou. You are a liberal communist who is posting on a staple template and you should be actually unconcerned with misinformation-specialist @zoo_bear &amp; propaganda-specialist #ArundhatiRoy.,en,"['rudaali', 'larrouturou', 'arundhatiroy']",[],1520482837421780992,1520482837421780992,AtulTheKaushal,Atul Kaushal,3,19,https://twitter.com/AtulTheKaushal/status/1542223490262061057,[],[],0,,False,0,0,0,,None,,,,,,,"[{'screen_name': 'larrouturou', 'name': 'Pierre Larrouturou', 'id': '18578222'}, {'screen_name': 'zoo_bear', 'name': 'Mohammed Zubair', 'id': '935142655213703168'}, {'screen_name': 'AltNews', 'name': 'Alt News', 'id': '717020664587227136'}, {'screen_name': 'PMOIndia', 'name': 'PMO India', 'id': '471741741'}, {'screen_name': 'India_NHRC', 'name': 'NHRC India', 'id': '1231877652715208705'}, {'screen_name': 'FranceinIndia', 'name': 'Emmanuel Lenain ğŸ‡«ğŸ‡·ğŸ‡ªğŸ‡º', 'id': '1562957431'}, {'screen_name': 'narendramodi', 'name': 'Narendra Modi', 'id': '18839785'}]",,,,
1542217317894848512,1541498855061164034,1656528236000.0,2022-06-29 18:43:56,+0000,,@larrouturou @free_thinker @zoo_bear @AltNews @PMOIndia @India_NHRC @FranceinIndia @narendramodi  https://t.co/BN9veijMug,qme,[],[],1479452717223456768,1479452717223456768,bitmasti,Bitcryp,3,18,https://twitter.com/bitmasti/status/1542217317894848512,[],['https://pbs.twimg.com/tweet_video_thumb/FWcOeE7VEAAOu3F.jpg'],1,https://pbs.twimg.com/tweet_video_thumb/FWcOeE7VEAAOu3F.jpg,False,0,0,0,,None,,,,,,,"[{'screen_name': 'larrouturou', 'name': 'Pierre Larrouturou', 'id': '18578222'}, {'screen_name': 'free_thinker', 'name': 'Pratik Sinha', 'id': '7431372'}, {'screen_name': 'zoo_bear', 'name': 'Mohammed Zubair', 'id': '935142655213703168'}, {'screen_name': 'AltNews', 'name': 'Alt News', 'id': '717020664587227136'}, {'screen_name': 'PMOIndia', 'name': 'PMO India', 'id': '471741741'}, {'screen_name': 'India_NHRC', 'name': 'NHRC India', 'id': '1231877652715208705'}, {'screen_name': 'FranceinIndia', 'name': 'Emmanuel Lenain ğŸ‡«ğŸ‡·ğŸ‡ªğŸ‡º', 'id': '1562957431'}]",,,,
1542217273007411200,1541498855061164034,1656528225000.0,2022-06-29 18:43:45,+0000,,@larrouturou @zoo_bear @AltNews @PMOIndia @India_NHRC @FranceinIndia @narendramodi We are passing through an Undeclared Emergency.,en,[],[],3309971509,3309971509,hhmollick,à¤¬à¥‹à¤²à¥‡ à¤•à¥‡ à¤²à¤¾à¤¬ à¤†à¤œà¤¼à¤¾à¤¦ à¤¹à¥ˆ à¤¤à¥‡à¤°à¥€à¥¤ à¤¹à¤²à¥â€à¤²à¤¾ à¤¬à¥Œà¤² à¤¹à¤²à¥â€à¤²à¤¾ à¤¬à¥Œà¤² l,3,18,https://twitter.com/hhmollick/status/1542217273007411200,[],[],0,,False,1,0,0,,None,,,,,,,"[{'screen_name': 'larrouturou', 'name': 'Pierre Larrouturou', 'id': '18578222'}, {'screen_name': 'zoo_bear', 'name': 'Mohammed Zubair', 'id': '935142655213703168'}, {'screen_name': 'AltNews', 'name': 'Alt News', 'id': '717020664587227136'}, {'screen_name': 'PMOIndia', 'name': 'PMO India', 'id': '471741741'}, {'screen_name': 'India_NHRC', 'name': 'NHRC India', 'id': '1231877652715208705'}, {'screen_name': 'FranceinIndia', 'name': 'Emmanuel Lenain ğŸ‡«ğŸ‡·ğŸ‡ªğŸ‡º', 'id': '1562957431'}, {'screen_name': 'narendramodi', 'name': 'Narendra Modi', 'id': '18839785'}]",,,,
1542211665000861697,1541498855061164034,1656526888000.0,2022-06-29 18:21:28,+0000,,@larrouturou @zoo_bear @AltNews @PMOIndia @India_NHRC @FranceinIndia @narendramodi #ReleaseZubair,qme,['releasezubair'],[],1309468126812266499,1309468126812266499,FaridAnsari0786,Mohd Farid,3,18,https://twitter.com/FaridAnsari0786/status/1542211665000861697,[],[],0,,False,0,0,0,,None,,,,,,,"[{'screen_name': 'larrouturou', 'name': 'Pierre Larrouturou', 'id': '18578222'}, {'screen_name': 'zoo_bear', 'name': 'Mohammed Zubair', 'id': '935142655213703168'}, {'screen_name': 'AltNews', 'name': 'Alt News', 'id': '717020664587227136'}, {'screen_name': 'PMOIndia', 'name': 'PMO India', 'id': '471741741'}, {'screen_name': 'India_NHRC', 'name': 'NHRC India', 'id': '1231877652715208705'}, {'screen_name': 'FranceinIndia', 'name': 'Emmanuel Lenain ğŸ‡«ğŸ‡·ğŸ‡ªğŸ‡º', 'id': '1562957431'}, {'screen_name': 'narendramodi', 'name': 'Narendra Modi', 'id': '18839785'}]",,,,
1542211515826192393,1541498855061164034,1656526852000.0,2022-06-29 18:20:52,+0000,,@larrouturou @zoo_bear @AltNews @PMOIndia @India_NHRC @FranceinIndia @narendramodi #IStandWithZubair,qme,['istandwithzubair'],[],1309468126812266499,1309468126812266499,FaridAnsari0786,Mohd Farid,3,18,https://twitter.com/FaridAnsari0786/status/1542211515826192393,[],[],0,,False,0,0,0,,None,,,,,,,"[{'screen_name': 'larrouturou', 'name': 'Pierre Larrouturou', 'id': '18578222'}, {'screen_name': 'zoo_bear', 'name': 'Mohammed Zubair', 'id': '935142655213703168'}, {'screen_name': 'AltNews', 'name': 'Alt News', 'id': '717020664587227136'}, {'screen_name': 'PMOIndia', 'name': 'PMO India', 'id': '471741741'}, {'screen_name': 'India_NHRC', 'name': 'NHRC India', 'id': '1231877652715208705'}, {'screen_name': 'FranceinIndia', 'name': 'Emmanuel Lenain ğŸ‡«ğŸ‡·ğŸ‡ªğŸ‡º', 'id': '1562957431'}, {'screen_name': 'narendramodi', 'name': 'Narendra Modi', 'id': '18839785'}]",,,,
1542185902705119232,1541498855061164034,1656520746000.0,2022-06-29 16:39:06,+0000,,"@larrouturou @zoo_bear @AltNews @PMOIndia @India_NHRC @FranceinIndia @narendramodi Pierre, did you get paid for holding that card?  Otherwise, I don't understand why a right-thinking person would support Frauds &amp; Terror symphatizers",en,[],[],1532395587488088064,1532395587488088064,KumarPangolin,Pangolin Kumar,3,16,https://twitter.com/KumarPangolin/status/1542185902705119232,[],[],0,,False,0,0,0,,None,,,,,,,"[{'screen_name': 'larrouturou', 'name': 'Pierre Larrouturou', 'id': '18578222'}, {'screen_name': 'zoo_bear', 'name': 'Mohammed Zubair', 'id': '935142655213703168'}, {'screen_name': 'AltNews', 'name': 'Alt News', 'id': '717020664587227136'}, {'screen_name': 'PMOIndia', 'name': 'PMO India', 'id': '471741741'}, {'screen_name': 'India_NHRC', 'name': 'NHRC India', 'id': '1231877652715208705'}, {'screen_name': 'FranceinIndia', 'name': 'Emmanuel Lenain ğŸ‡«ğŸ‡·ğŸ‡ªğŸ‡º', 'id': '1562957431'}, {'screen_name': 'narendramodi', 'name': 'Narendra Modi', 'id': '18839785'}]",,,,
1542168581579821056,1541498855061164034,1656516616000.0,2022-06-29 15:30:16,+0000,,@larrouturou @zoo_bear @AltNews @PMOIndia @India_NHRC @FranceinIndia @narendramodi  https://t.co/SRGVjEiQH4,qme,[],[],983709188919476224,983709188919476224,SamsulH40825884,Samsul  Haque,3,15,https://twitter.com/SamsulH40825884/status/1542168581579821056,[],['https://pbs.twimg.com/media/FWbiJMwaQAE65Ex.jpg'],1,https://pbs.twimg.com/media/FWbiJMwaQAE65Ex.jpg,False,0,0,0,,None,,,,,,,"[{'screen_name': 'larrouturou', 'name': 'Pierre Larrouturou', 'id': '18578222'}, {'screen_name': 'zoo_bear', 'name': 'Mohammed Zubair', 'id': '935142655213703168'}, {'screen_name': 'AltNews', 'name': 'Alt News', 'id': '717020664587227136'}, {'screen_name': 'PMOIndia', 'name': 'PMO India', 'id': '471741741'}, {'screen_name': 'India_NHRC', 'name': 'NHRC India', 'id': '1231877652715208705'}, {'screen_name': 'FranceinIndia', 'name': 'Emmanuel Lenain ğŸ‡«ğŸ‡·ğŸ‡ªğŸ‡º', 'id': '1562957431'}]",,,,
1542164488899530753,1541498855061164034,1656515640000.0,2022-06-29 15:14:00,+0000,,@larrouturou @zoo_bear @AltNews @PMOIndia @India_NHRC @FranceinIndia @narendramodi #StandWithZubair,qme,['standwithzubair'],[],983709188919476224,983709188919476224,SamsulH40825884,Samsul  Haque,3,15,https://twitter.com/SamsulH40825884/status/1542164488899530753,[],[],0,,False,0,0,0,,None,,,,,,,"[{'screen_name': 'larrouturou', 'name': 'Pierre Larrouturou', 'id': '18578222'}, {'screen_name': 'zoo_bear', 'name': 'Mohammed Zubair', 'id': '935142655213703168'}, {'screen_name': 'AltNews', 'name': 'Alt News', 'id': '717020664587227136'}, {'screen_name': 'PMOIndia', 'name': 'PMO India', 'id': '471741741'}, {'screen_name': 'India_NHRC', 'name': 'NHRC India', 'id': '1231877652715208705'}, {'screen_name': 'FranceinIndia', 'name': 'Emmanuel Lenain ğŸ‡«ğŸ‡·ğŸ‡ªğŸ‡º', 'id': '1562957431'}, {'screen_name': 'narendramodi', 'name': 'Narendra Modi', 'id': '18839785'}]",,,,
1542138609028980741,1541498855061164034,1656509470000.0,2022-06-29 13:31:10,+0000,,@larrouturou @free_thinker @zoo_bear @AltNews @PMOIndia @India_NHRC @FranceinIndia @narendramodi Ok ğŸ¤¡,und,[],[],2933791980,2933791980,vjv02,Viraj,3,13,https://twitter.com/vjv02/status/1542138609028980741,[],[],0,,False,0,0,0,,None,,,,,,,"[{'screen_name': 'larrouturou', 'name': 'Pierre Larrouturou', 'id': '18578222'}, {'screen_name': 'free_thinker', 'name': 'Pratik Sinha', 'id': '7431372'}, {'screen_name': 'zoo_bear', 'name': 'Mohammed Zubair', 'id': '935142655213703168'}, {'screen_name': 'AltNews', 'name': 'Alt News', 'id': '717020664587227136'}, {'screen_name': 'PMOIndia', 'name': 'PMO India', 'id': '471741741'}, {'screen_name': 'India_NHRC', 'name': 'NHRC India', 'id': '1231877652715208705'}, {'screen_name': 'FranceinIndia', 'name': 'Emmanuel Lenain ğŸ‡«ğŸ‡·ğŸ‡ªğŸ‡º', 'id': '1562957431'}, {'screen_name': 'narendramodi', 'name': 'Narendra Modi', 'id': '18839785'}]",,,,
1542109682399350784,1541498855061164034,1656502573000.0,2022-06-29 11:36:13,+0000,,@larrouturou @zoo_bear @AltNews @PMOIndia @India_NHRC @FranceinIndia @narendramodi How much money you received for propaganda tweets,en,[],[],2477766036,2477766036,nkagr2706,narottam Halwai,3,11,https://twitter.com/nkagr2706/status/1542109682399350784,[],[],0,,False,0,0,0,,None,,,,,,,"[{'screen_name': 'larrouturou', 'name': 'Pierre Larrouturou', 'id': '18578222'}, {'screen_name': 'zoo_bear', 'name': 'Mohammed Zubair', 'id': '935142655213703168'}, {'screen_name': 'AltNews', 'name': 'Alt News', 'id': '717020664587227136'}, {'screen_name': 'PMOIndia', 'name': 'PMO India', 'id': '471741741'}, {'screen_name': 'India_NHRC', 'name': 'NHRC India', 'id': '1231877652715208705'}, {'screen_name': 'FranceinIndia', 'name': 'Emmanuel Lenain ğŸ‡«ğŸ‡·ğŸ‡ªğŸ‡º', 'id': '1562957431'}, {'screen_name': 'narendramodi', 'name': 'Narendra Modi', 'id': '18839785'}]",,,,
1542104454098321408,1541498855061164034,1656501327000.0,2022-06-29 11:15:27,+0000,,@larrouturou @free_thinker @zoo_bear @AltNews @PMOIndia @India_NHRC @FranceinIndia @narendramodi SHUT UP TAKLU,in,[],[],1424718453001256971,1424718453001256971,frankblunt2021,Frank Blunt,3,11,https://twitter.com/frankblunt2021/status/1542104454098321408,[],[],0,,False,0,0,0,,None,,,,,,,"[{'screen_name': 'larrouturou', 'name': 'Pierre Larrouturou', 'id': '18578222'}, {'screen_name': 'free_thinker', 'name': 'Pratik Sinha', 'id': '7431372'}, {'screen_name': 'zoo_bear', 'name': 'Mohammed Zubair', 'id': '935142655213703168'}, {'screen_name': 'AltNews', 'name': 'Alt News', 'id': '717020664587227136'}, {'screen_name': 'PMOIndia', 'name': 'PMO India', 'id': '471741741'}, {'screen_name': 'India_NHRC', 'name': 'NHRC India', 'id': '1231877652715208705'}, {'screen_name': 'FranceinIndia', 'name': 'Emmanuel Lenain ğŸ‡«ğŸ‡·ğŸ‡ªğŸ‡º', 'id': '1562957431'}, {'screen_name': 'narendramodi', 'name': 'Narendra Modi', 'id': '18839785'}]",,,,
1542104061939695616,1541498855061164034,1656501233000.0,2022-06-29 11:13:53,+0000,,@larrouturou @zoo_bear @AltNews @PMOIndia @India_NHRC @FranceinIndia @narendramodi Nikal yaha Se,in,[],[],1428657136540688384,1428657136540688384,maverick9762,Utpal,3,11,https://twitter.com/maverick9762/status/1542104061939695616,[],[],0,,False,0,0,0,,None,,,,,,,"[{'screen_name': 'larrouturou', 'name': 'Pierre Larrouturou', 'id': '18578222'}, {'screen_name': 'zoo_bear', 'name': 'Mohammed Zubair', 'id': '935142655213703168'}, {'screen_name': 'AltNews', 'name': 'Alt News', 'id': '717020664587227136'}, {'screen_name': 'PMOIndia', 'name': 'PMO India', 'id': '471741741'}, {'screen_name': 'India_NHRC', 'name': 'NHRC India', 'id': '1231877652715208705'}, {'screen_name': 'FranceinIndia', 'name': 'Emmanuel Lenain ğŸ‡«ğŸ‡·ğŸ‡ªğŸ‡º', 'id': '1562957431'}, {'screen_name': 'narendramodi', 'name': 'Narendra Modi', 'id': '18839785'}]",,,,
1542101170864496642,1541498855061164034,1656500544000.0,2022-06-29 11:02:24,+0000,,"@larrouturou @zoo_bear @AltNews @PMOIndia @India_NHRC @FranceinIndia @narendramodi You leftist dog,will you dare to post your picture with a placard ""don't slit throats of Hindus"", I stand with ""Kanhayaa Lal"". Bloody conscience less paid dog",en,[],[],1426512395485253634,1426512395485253634,Sreedha24324771,Seeker,3,11,https://twitter.com/Sreedha24324771/status/1542101170864496642,[],[],0,,False,0,0,0,,None,,,,,,,"[{'screen_name': 'larrouturou', 'name': 'Pierre Larrouturou', 'id': '18578222'}, {'screen_name': 'zoo_bear', 'name': 'Mohammed Zubair', 'id': '935142655213703168'}, {'screen_name': 'AltNews', 'name': 'Alt News', 'id': '717020664587227136'}, {'screen_name': 'PMOIndia', 'name': 'PMO India', 'id': '471741741'}, {'screen_name': 'India_NHRC', 'name': 'NHRC India', 'id': '1231877652715208705'}, {'screen_name': 'FranceinIndia', 'name': 'Emmanuel Lenain ğŸ‡«ğŸ‡·ğŸ‡ªğŸ‡º', 'id': '1562957431'}, {'screen_name': 'narendramodi', 'name': 'Narendra Modi', 'id': '18839785'}]",,,,
1542093170120372224,1541498855061164034,1656498637000.0,2022-06-29 10:30:37,+0000,,@larrouturou  https://t.co/eHyRdzYG8N,qme,[],[],98797649,98797649,Aishwaryarbagla,Aishwarya Raj Bagla,3,10,https://twitter.com/Aishwaryarbagla/status/1542093170120372224,[],['https://pbs.twimg.com/tweet_video_thumb/FWadkA6UAAANPa1.jpg'],1,https://pbs.twimg.com/tweet_video_thumb/FWadkA6UAAANPa1.jpg,False,0,0,0,,None,,,,,,,[],,,,
1542080396979867648,1541498855061164034,1656495591000.0,2022-06-29 09:39:51,+0000,,@larrouturou @zoo_bear @AltNews @PMOIndia @India_NHRC @FranceinIndia @narendramodi #IStandWithZubair  https://t.co/qLbg37khHQ,qme,['istandwithzubair'],[],1082524978292146177,1082524978292146177,zab_khan92,Zabi Khan,3,09,https://twitter.com/zab_khan92/status/1542080396979867648,[],['https://pbs.twimg.com/media/FWaR8s-VEAIJMwm.jpg'],1,https://pbs.twimg.com/media/FWaR8s-VEAIJMwm.jpg,False,0,0,0,,None,,,,,,,"[{'screen_name': 'larrouturou', 'name': 'Pierre Larrouturou', 'id': '18578222'}, {'screen_name': 'zoo_bear', 'name': 'Mohammed Zubair', 'id': '935142655213703168'}, {'screen_name': 'AltNews', 'name': 'Alt News', 'id': '717020664587227136'}, {'screen_name': 'PMOIndia', 'name': 'PMO India', 'id': '471741741'}, {'screen_name': 'India_NHRC', 'name': 'NHRC India', 'id': '1231877652715208705'}, {'screen_name': 'FranceinIndia', 'name': 'Emmanuel Lenain ğŸ‡«ğŸ‡·ğŸ‡ªğŸ‡º', 'id': '1562957431'}, {'screen_name': 'narendramodi', 'name': 'Narendra Modi', 'id': '18839785'}]",,,,
1542075067399798784,1541498855061164034,1656494321000.0,2022-06-29 09:18:41,+0000,,"@larrouturou @zoo_bear @AltNews @PMOIndia @India_NHRC @FranceinIndia @narendramodi ğŸ˜‚ You mean Soros wants to free Zubair, a fraud, a hate monger, who himself don't consider journalist?",en,[],[],754770250361663488,754770250361663488,Prasenjit97m,Prasenjit Mandal,3,09,https://twitter.com/Prasenjit97m/status/1542075067399798784,[],[],0,,False,0,0,0,,None,,,,,,,"[{'screen_name': 'larrouturou', 'name': 'Pierre Larrouturou', 'id': '18578222'}, {'screen_name': 'zoo_bear', 'name': 'Mohammed Zubair', 'id': '935142655213703168'}, {'screen_name': 'AltNews', 'name': 'Alt News', 'id': '717020664587227136'}, {'screen_name': 'PMOIndia', 'name': 'PMO India', 'id': '471741741'}, {'screen_name': 'India_NHRC', 'name': 'NHRC India', 'id': '1231877652715208705'}, {'screen_name': 'FranceinIndia', 'name': 'Emmanuel Lenain ğŸ‡«ğŸ‡·ğŸ‡ªğŸ‡º', 'id': '1562957431'}, {'screen_name': 'narendramodi', 'name': 'Narendra Modi', 'id': '18839785'}]",,,,
1542073998477266944,1541498855061164034,1656494066000.0,2022-06-29 09:14:26,+0000,,@larrouturou @zoo_bear @AltNews @PMOIndia @India_NHRC @FranceinIndia @narendramodi Who are you?,en,[],[],754770250361663488,754770250361663488,Prasenjit97m,Prasenjit Mandal,3,09,https://twitter.com/Prasenjit97m/status/1542073998477266944,[],[],0,,False,0,0,0,,None,,,,,,,"[{'screen_name': 'larrouturou', 'name': 'Pierre Larrouturou', 'id': '18578222'}, {'screen_name': 'zoo_bear', 'name': 'Mohammed Zubair', 'id': '935142655213703168'}, {'screen_name': 'AltNews', 'name': 'Alt News', 'id': '717020664587227136'}, {'screen_name': 'PMOIndia', 'name': 'PMO India', 'id': '471741741'}, {'screen_name': 'India_NHRC', 'name': 'NHRC India', 'id': '1231877652715208705'}, {'screen_name': 'FranceinIndia', 'name': 'Emmanuel Lenain ğŸ‡«ğŸ‡·ğŸ‡ªğŸ‡º', 'id': '1562957431'}, {'screen_name': 'narendramodi', 'name': 'Narendra Modi', 'id': '18839785'}]",,,,
1542073050505441280,1541498855061164034,1656493840000.0,2022-06-29 09:10:40,+0000,,@larrouturou @zoo_bear @AltNews @PMOIndia @India_NHRC @FranceinIndia @narendramodi No point in standing somewhere. Go and stand next to him in jail.,en,[],[],37661820,37661820,thejendra,Author World Publishing,3,09,https://twitter.com/thejendra/status/1542073050505441280,[],[],0,,False,0,0,0,,None,,,,,,,"[{'screen_name': 'larrouturou', 'name': 'Pierre Larrouturou', 'id': '18578222'}, {'screen_name': 'zoo_bear', 'name': 'Mohammed Zubair', 'id': '935142655213703168'}, {'screen_name': 'AltNews', 'name': 'Alt News', 'id': '717020664587227136'}, {'screen_name': 'PMOIndia', 'name': 'PMO India', 'id': '471741741'}, {'screen_name': 'India_NHRC', 'name': 'NHRC India', 'id': '1231877652715208705'}, {'screen_name': 'FranceinIndia', 'name': 'Emmanuel Lenain ğŸ‡«ğŸ‡·ğŸ‡ªğŸ‡º', 'id': '1562957431'}, {'screen_name': 'narendramodi', 'name': 'Narendra Modi', 'id': '18839785'}]",,,,
1542056357146136577,1541498855061164034,1656489860000.0,2022-06-29 08:04:20,+0000,,@larrouturou @zoo_bear @AltNews @PMOIndia @India_NHRC @FranceinIndia @narendramodi Who are you? Are you a pig?,en,[],[],1030187837612732417,1030187837612732417,santuriju,Santu Mandal à¤­à¤¾à¤°à¤¤à¥€à¤¯ à¤¹à¤¿à¤‚à¤¦à¥‚ğŸ‡®ğŸ‡³,3,08,https://twitter.com/santuriju/status/1542056357146136577,[],[],0,,False,0,0,0,,None,,,,,,,"[{'screen_name': 'larrouturou', 'name': 'Pierre Larrouturou', 'id': '18578222'}, {'screen_name': 'zoo_bear', 'name': 'Mohammed Zubair', 'id': '935142655213703168'}, {'screen_name': 'AltNews', 'name': 'Alt News', 'id': '717020664587227136'}, {'screen_name': 'PMOIndia', 'name': 'PMO India', 'id': '471741741'}, {'screen_name': 'India_NHRC', 'name': 'NHRC India', 'id': '1231877652715208705'}, {'screen_name': 'FranceinIndia', 'name': 'Emmanuel Lenain ğŸ‡«ğŸ‡·ğŸ‡ªğŸ‡º', 'id': '1562957431'}, {'screen_name': 'narendramodi', 'name': 'Narendra Modi', 'id': '18839785'}]",,,,
1542053322533744640,1541498855061164034,1656489136000.0,2022-06-29 07:52:16,+0000,,@larrouturou @zoo_bear @AltNews @PMOIndia @India_NHRC @FranceinIndia @narendramodi Look after ur country..don't mingle into the affairs of others..For same zubair one innocent Indian was gruesomely killed yesterday..shut up and stay away,en,[],[],1373322044616577024,1373322044616577024,Bdjena988,Bdjena,3,07,https://twitter.com/Bdjena988/status/1542053322533744640,[],[],0,,False,0,0,0,,None,,,,,,,"[{'screen_name': 'larrouturou', 'name': 'Pierre Larrouturou', 'id': '18578222'}, {'screen_name': 'zoo_bear', 'name': 'Mohammed Zubair', 'id': '935142655213703168'}, {'screen_name': 'AltNews', 'name': 'Alt News', 'id': '717020664587227136'}, {'screen_name': 'PMOIndia', 'name': 'PMO India', 'id': '471741741'}, {'screen_name': 'India_NHRC', 'name': 'NHRC India', 'id': '1231877652715208705'}, {'screen_name': 'FranceinIndia', 'name': 'Emmanuel Lenain ğŸ‡«ğŸ‡·ğŸ‡ªğŸ‡º', 'id': '1562957431'}, {'screen_name': 'narendramodi', 'name': 'Narendra Modi', 'id': '18839785'}]",,,,
1542052557702385664,1541498855061164034,1656488954000.0,2022-06-29 07:49:14,+0000,,@larrouturou @free_thinker @zoo_bear @AltNews @PMOIndia @India_NHRC @FranceinIndia @narendramodi  https://t.co/UwvbUXKAKH,qme,[],[],1021012136221278211,1021012136221278211,Evils_Paradise,Ayan Saha,3,07,https://twitter.com/Evils_Paradise/status/1542052557702385664,[],['https://pbs.twimg.com/media/FWZ4oOracAAl_QJ.jpg'],1,https://pbs.twimg.com/media/FWZ4oOracAAl_QJ.jpg,False,0,0,0,,None,,,,,,,"[{'screen_name': 'larrouturou', 'name': 'Pierre Larrouturou', 'id': '18578222'}, {'screen_name': 'free_thinker', 'name': 'Pratik Sinha', 'id': '7431372'}, {'screen_name': 'zoo_bear', 'name': 'Mohammed Zubair', 'id': '935142655213703168'}, {'screen_name': 'AltNews', 'name': 'Alt News', 'id': '717020664587227136'}, {'screen_name': 'PMOIndia', 'name': 'PMO India', 'id': '471741741'}, {'screen_name': 'India_NHRC', 'name': 'NHRC India', 'id': '1231877652715208705'}, {'screen_name': 'FranceinIndia', 'name': 'Emmanuel Lenain ğŸ‡«ğŸ‡·ğŸ‡ªğŸ‡º', 'id': '1562957431'}]",,,,
1542049771640131584,1541498855061164034,1656488290000.0,2022-06-29 07:38:10,+0000,,@larrouturou @free_thinker @zoo_bear @AltNews @PMOIndia @India_NHRC @FranceinIndia @narendramodi This man must be booked by law as he issuppiryung a fraud news checker who has openly insulted hindus....Pierre Larrauturou must also be behind bars for supporting blasphemy,en,[],[],1467150352227045378,1467150352227045378,Annanyabanerje7,Annanya banerjee,3,07,https://twitter.com/Annanyabanerje7/status/1542049771640131584,[],[],0,,False,0,0,0,,None,,,,,,,"[{'screen_name': 'larrouturou', 'name': 'Pierre Larrouturou', 'id': '18578222'}, {'screen_name': 'free_thinker', 'name': 'Pratik Sinha', 'id': '7431372'}, {'screen_name': 'zoo_bear', 'name': 'Mohammed Zubair', 'id': '935142655213703168'}, {'screen_name': 'AltNews', 'name': 'Alt News', 'id': '717020664587227136'}, {'screen_name': 'PMOIndia', 'name': 'PMO India', 'id': '471741741'}, {'screen_name': 'India_NHRC', 'name': 'NHRC India', 'id': '1231877652715208705'}, {'screen_name': 'FranceinIndia', 'name': 'Emmanuel Lenain ğŸ‡«ğŸ‡·ğŸ‡ªğŸ‡º', 'id': '1562957431'}, {'screen_name': 'narendramodi', 'name': 'Narendra Modi', 'id': '18839785'}]",,,,
1542045455558664193,1541498855061164034,1656487261000.0,2022-06-29 07:21:01,+0000,,@larrouturou @zoo_bear @AltNews @PMOIndia @India_NHRC @FranceinIndia @narendramodi This is New India keh ke lega tum sab ki tension mat lo,in,[],[],2518443720,2518443720,Akk_anand,anand kumar,3,07,https://twitter.com/Akk_anand/status/1542045455558664193,[],[],0,,False,0,0,0,,None,,,,,,,"[{'screen_name': 'larrouturou', 'name': 'Pierre Larrouturou', 'id': '18578222'}, {'screen_name': 'zoo_bear', 'name': 'Mohammed Zubair', 'id': '935142655213703168'}, {'screen_name': 'AltNews', 'name': 'Alt News', 'id': '717020664587227136'}, {'screen_name': 'PMOIndia', 'name': 'PMO India', 'id': '471741741'}, {'screen_name': 'India_NHRC', 'name': 'NHRC India', 'id': '1231877652715208705'}, {'screen_name': 'FranceinIndia', 'name': 'Emmanuel Lenain ğŸ‡«ğŸ‡·ğŸ‡ªğŸ‡º', 'id': '1562957431'}, {'screen_name': 'narendramodi', 'name': 'Narendra Modi', 'id': '18839785'}]",,,,
1542041683994738689,1541498855061164034,1656486361000.0,2022-06-29 07:06:01,+0000,,@larrouturou @sakshijoshii @zoo_bear @AltNews @PMOIndia @India_NHRC @FranceinIndia @narendramodi Who the hell you are.  We have our judiciary.,en,[],[],3291688688,3291688688,DipayanDMR,Dipayan Bhattacharje,3,07,https://twitter.com/DipayanDMR/status/1542041683994738689,[],[],0,,False,0,0,0,,None,,,,,,,"[{'screen_name': 'larrouturou', 'name': 'Pierre Larrouturou', 'id': '18578222'}, {'screen_name': 'sakshijoshii', 'name': 'Sakshi Joshi', 'id': '105733665'}, {'screen_name': 'zoo_bear', 'name': 'Mohammed Zubair', 'id': '935142655213703168'}, {'screen_name': 'AltNews', 'name': 'Alt News', 'id': '717020664587227136'}, {'screen_name': 'PMOIndia', 'name': 'PMO India', 'id': '471741741'}, {'screen_name': 'India_NHRC', 'name': 'NHRC India', 'id': '1231877652715208705'}, {'screen_name': 'FranceinIndia', 'name': 'Emmanuel Lenain ğŸ‡«ğŸ‡·ğŸ‡ªğŸ‡º', 'id': '1562957431'}, {'screen_name': 'narendramodi', 'name': 'Narendra Modi', 'id': '18839785'}]",,,,
1542036677505552384,1541498855061164034,1656485168000.0,2022-06-29 06:46:08,+0000,,"@larrouturou @zoo_bear @AltNews @PMOIndia @India_NHRC @FranceinIndia @narendramodi Not your country, not your businessâ€¦",en,[],[],134782480,134782480,icekoolrahul,DARK-KNIGHT,3,06,https://twitter.com/icekoolrahul/status/1542036677505552384,[],[],0,,False,0,0,0,,None,,,,,,,"[{'screen_name': 'larrouturou', 'name': 'Pierre Larrouturou', 'id': '18578222'}, {'screen_name': 'zoo_bear', 'name': 'Mohammed Zubair', 'id': '935142655213703168'}, {'screen_name': 'AltNews', 'name': 'Alt News', 'id': '717020664587227136'}, {'screen_name': 'PMOIndia', 'name': 'PMO India', 'id': '471741741'}, {'screen_name': 'India_NHRC', 'name': 'NHRC India', 'id': '1231877652715208705'}, {'screen_name': 'FranceinIndia', 'name': 'Emmanuel Lenain ğŸ‡«ğŸ‡·ğŸ‡ªğŸ‡º', 'id': '1562957431'}, {'screen_name': 'narendramodi', 'name': 'Narendra Modi', 'id': '18839785'}]",,,,
1542032163008352263,1541498855061164034,1656484091000.0,2022-06-29 06:28:11,+0000,,"@larrouturou @zoo_bear @AltNews @PMOIndia @India_NHRC @FranceinIndia @narendramodi They have run amock. The arrests and vast army of social media recruits, are suppressing moderate voices and truth",en,[],[],1422742761443373070,1422742761443373070,Nnkk44656557,Nation needs a voice,3,06,https://twitter.com/Nnkk44656557/status/1542032163008352263,[],[],0,,False,0,0,0,,None,,,,,,,"[{'screen_name': 'larrouturou', 'name': 'Pierre Larrouturou', 'id': '18578222'}, {'screen_name': 'zoo_bear', 'name': 'Mohammed Zubair', 'id': '935142655213703168'}, {'screen_name': 'AltNews', 'name': 'Alt News', 'id': '717020664587227136'}, {'screen_name': 'PMOIndia', 'name': 'PMO India', 'id': '471741741'}, {'screen_name': 'India_NHRC', 'name': 'NHRC India', 'id': '1231877652715208705'}, {'screen_name': 'FranceinIndia', 'name': 'Emmanuel Lenain ğŸ‡«ğŸ‡·ğŸ‡ªğŸ‡º', 'id': '1562957431'}, {'screen_name': 'narendramodi', 'name': 'Narendra Modi', 'id': '18839785'}]",,,,
1542016916193042434,1541498855061164034,1656480456000.0,2022-06-29 05:27:36,+0000,,@larrouturou @zoo_bear @AltNews @PMOIndia @India_NHRC @FranceinIndia @narendramodi We have our own law in our country mind you own business.,en,[],[],755624910723117057,755624910723117057,itsflanker,Flanker,3,05,https://twitter.com/itsflanker/status/1542016916193042434,[],[],0,,False,0,0,0,,None,,,,,,,"[{'screen_name': 'larrouturou', 'name': 'Pierre Larrouturou', 'id': '18578222'}, {'screen_name': 'zoo_bear', 'name': 'Mohammed Zubair', 'id': '935142655213703168'}, {'screen_name': 'AltNews', 'name': 'Alt News', 'id': '717020664587227136'}, {'screen_name': 'PMOIndia', 'name': 'PMO India', 'id': '471741741'}, {'screen_name': 'India_NHRC', 'name': 'NHRC India', 'id': '1231877652715208705'}, {'screen_name': 'FranceinIndia', 'name': 'Emmanuel Lenain ğŸ‡«ğŸ‡·ğŸ‡ªğŸ‡º', 'id': '1562957431'}, {'screen_name': 'narendramodi', 'name': 'Narendra Modi', 'id': '18839785'}]",,,,
1542015886822756352,1541498855061164034,1656480211000.0,2022-06-29 05:23:31,+0000,,@larrouturou @zoo_bear @AltNews @PMOIndia @India_NHRC @FranceinIndia @narendramodi à¤•à¤¿à¤¤à¤¨à¤¾ à¤®à¤¿à¤²à¤¾ ??,hi,[],[],1109358512612798464,1109358512612798464,an_unknown_wish,AKSinha,3,05,https://twitter.com/an_unknown_wish/status/1542015886822756352,[],[],0,,False,0,0,0,,None,,,,,,,"[{'screen_name': 'larrouturou', 'name': 'Pierre Larrouturou', 'id': '18578222'}, {'screen_name': 'zoo_bear', 'name': 'Mohammed Zubair', 'id': '935142655213703168'}, {'screen_name': 'AltNews', 'name': 'Alt News', 'id': '717020664587227136'}, {'screen_name': 'PMOIndia', 'name': 'PMO India', 'id': '471741741'}, {'screen_name': 'India_NHRC', 'name': 'NHRC India', 'id': '1231877652715208705'}, {'screen_name': 'FranceinIndia', 'name': 'Emmanuel Lenain ğŸ‡«ğŸ‡·ğŸ‡ªğŸ‡º', 'id': '1562957431'}, {'screen_name': 'narendramodi', 'name': 'Narendra Modi', 'id': '18839785'}]",,,,
1542013478147428354,1541498855061164034,1656479637000.0,2022-06-29 05:13:57,+0000,,@larrouturou @free_thinker @zoo_bear @AltNews @PMOIndia @India_NHRC @FranceinIndia @narendramodi Basturd !!,en,[],[],136203838,136203838,omprakash2711,Om Prakash,3,05,https://twitter.com/omprakash2711/status/1542013478147428354,[],[],0,,False,0,0,0,,None,,,,,,,"[{'screen_name': 'larrouturou', 'name': 'Pierre Larrouturou', 'id': '18578222'}, {'screen_name': 'free_thinker', 'name': 'Pratik Sinha', 'id': '7431372'}, {'screen_name': 'zoo_bear', 'name': 'Mohammed Zubair', 'id': '935142655213703168'}, {'screen_name': 'AltNews', 'name': 'Alt News', 'id': '717020664587227136'}, {'screen_name': 'PMOIndia', 'name': 'PMO India', 'id': '471741741'}, {'screen_name': 'India_NHRC', 'name': 'NHRC India', 'id': '1231877652715208705'}, {'screen_name': 'FranceinIndia', 'name': 'Emmanuel Lenain ğŸ‡«ğŸ‡·ğŸ‡ªğŸ‡º', 'id': '1562957431'}, {'screen_name': 'narendramodi', 'name': 'Narendra Modi', 'id': '18839785'}]",,,,
1542006580052643840,1541498855061164034,1656477992000.0,2022-06-29 04:46:32,+0000,,@larrouturou @zoo_bear @AltNews @PMOIndia @India_NHRC @FranceinIndia @narendramodi We hope he is handed over to the UP police,en,[],[],1388245948749402114,1388245948749402114,papa_nasham,Papa Nasham,3,04,https://twitter.com/papa_nasham/status/1542006580052643840,[],[],0,,False,0,0,0,,None,,,,,,,"[{'screen_name': 'larrouturou', 'name': 'Pierre Larrouturou', 'id': '18578222'}, {'screen_name': 'zoo_bear', 'name': 'Mohammed Zubair', 'id': '935142655213703168'}, {'screen_name': 'AltNews', 'name': 'Alt News', 'id': '717020664587227136'}, {'screen_name': 'PMOIndia', 'name': 'PMO India', 'id': '471741741'}, {'screen_name': 'India_NHRC', 'name': 'NHRC India', 'id': '1231877652715208705'}, {'screen_name': 'FranceinIndia', 'name': 'Emmanuel Lenain ğŸ‡«ğŸ‡·ğŸ‡ªğŸ‡º', 'id': '1562957431'}, {'screen_name': 'narendramodi', 'name': 'Narendra Modi', 'id': '18839785'}]",,,,
1542005595506561025,1541498855061164034,1656477757000.0,2022-06-29 04:42:37,+0000,,@larrouturou @zoo_bear @AltNews @PMOIndia @India_NHRC @FranceinIndia @narendramodi This photo might cause major embarassment if people you ask to be freed turn out to be guilty. So have patience.,en,[],[],1282725590559125505,1282725590559125505,lawmaverick1,LawMAVERICK ğŸ‡®ğŸ‡³,3,04,https://twitter.com/lawmaverick1/status/1542005595506561025,[],[],0,,False,0,0,0,,None,,,,,,,"[{'screen_name': 'larrouturou', 'name': 'Pierre Larrouturou', 'id': '18578222'}, {'screen_name': 'zoo_bear', 'name': 'Mohammed Zubair', 'id': '935142655213703168'}, {'screen_name': 'AltNews', 'name': 'Alt News', 'id': '717020664587227136'}, {'screen_name': 'PMOIndia', 'name': 'PMO India', 'id': '471741741'}, {'screen_name': 'India_NHRC', 'name': 'NHRC India', 'id': '1231877652715208705'}, {'screen_name': 'FranceinIndia', 'name': 'Emmanuel Lenain ğŸ‡«ğŸ‡·ğŸ‡ªğŸ‡º', 'id': '1562957431'}, {'screen_name': 'narendramodi', 'name': 'Narendra Modi', 'id': '18839785'}]",,,,
1542005244569104384,1541498855061164034,1656477674000.0,2022-06-29 04:41:14,+0000,,@larrouturou @PMOIndia @India_NHRC @FranceinIndia @narendramodi Your locus sir? Law of the land shall prevail. It will take its course so trust be kept.,en,[],[],1282725590559125505,1282725590559125505,lawmaverick1,LawMAVERICK ğŸ‡®ğŸ‡³,3,04,https://twitter.com/lawmaverick1/status/1542005244569104384,[],[],0,,False,1,0,0,,None,,,,,,,"[{'screen_name': 'larrouturou', 'name': 'Pierre Larrouturou', 'id': '18578222'}, {'screen_name': 'PMOIndia', 'name': 'PMO India', 'id': '471741741'}, {'screen_name': 'India_NHRC', 'name': 'NHRC India', 'id': '1231877652715208705'}, {'screen_name': 'FranceinIndia', 'name': 'Emmanuel Lenain ğŸ‡«ğŸ‡·ğŸ‡ªğŸ‡º', 'id': '1562957431'}, {'screen_name': 'narendramodi', 'name': 'Narendra Modi', 'id': '18839785'}]",,,,
1542002266198384641,1541498855061164034,1656476963000.0,2022-06-29 04:29:23,+0000,,@larrouturou @zoo_bear @AltNews @PMOIndia @India_NHRC @FranceinIndia @narendramodi  https://t.co/TKdou7p1qo,qme,[],[],4036918334,4036918334,sanghi_engineer,à¤¸à¤‚à¤˜à¥€ Engineer ğŸš©ğŸš©ğŸš©,3,04,https://twitter.com/sanghi_engineer/status/1542002266198384641,['https://twitter.com/zoo_bear/status/1291416752971161601?t=s41fwCCIn1zWW467H6j3cA&s=19'],[],0,,False,0,0,0,https://twitter.com/zoo_bear/status/1291416752971161601?t=s41fwCCIn1zWW467H6j3cA&s=19,None,,,,,,,"[{'screen_name': 'larrouturou', 'name': 'Pierre Larrouturou', 'id': '18578222'}, {'screen_name': 'zoo_bear', 'name': 'Mohammed Zubair', 'id': '935142655213703168'}, {'screen_name': 'AltNews', 'name': 'Alt News', 'id': '717020664587227136'}, {'screen_name': 'PMOIndia', 'name': 'PMO India', 'id': '471741741'}, {'screen_name': 'India_NHRC', 'name': 'NHRC India', 'id': '1231877652715208705'}, {'screen_name': 'FranceinIndia', 'name': 'Emmanuel Lenain ğŸ‡«ğŸ‡·ğŸ‡ªğŸ‡º', 'id': '1562957431'}, {'screen_name': 'narendramodi', 'name': 'Narendra Modi', 'id': '18839785'}]",,,,
1541999328507469826,1541498855061164034,1656476263000.0,2022-06-29 04:17:43,+0000,,@larrouturou @zoo_bear @AltNews @PMOIndia @India_NHRC @FranceinIndia @narendramodi Please correct your hashtag to #ISleptWithZubair.,en,['isleptwithzubair'],[],1354794715808288769,1354794715808288769,ThawaniBhushan,Bhushan,3,04,https://twitter.com/ThawaniBhushan/status/1541999328507469826,[],[],0,,False,0,0,0,,None,,,,,,,"[{'screen_name': 'larrouturou', 'name': 'Pierre Larrouturou', 'id': '18578222'}, {'screen_name': 'zoo_bear', 'name': 'Mohammed Zubair', 'id': '935142655213703168'}, {'screen_name': 'AltNews', 'name': 'Alt News', 'id': '717020664587227136'}, {'screen_name': 'PMOIndia', 'name': 'PMO India', 'id': '471741741'}, {'screen_name': 'India_NHRC', 'name': 'NHRC India', 'id': '1231877652715208705'}, {'screen_name': 'FranceinIndia', 'name': 'Emmanuel Lenain ğŸ‡«ğŸ‡·ğŸ‡ªğŸ‡º', 'id': '1562957431'}, {'screen_name': 'narendramodi', 'name': 'Narendra Modi', 'id': '18839785'}]",,,,
1541997495567282176,1541498855061164034,1656475826000.0,2022-06-29 04:10:26,+0000,,@larrouturou @zoo_bear @AltNews @PMOIndia @India_NHRC @FranceinIndia @narendramodi Fcuk off ğŸ–•ğŸ»,nl,[],[],3256784936,3256784936,TheWhiteWaIker,AJğ“ƒµî¨€,3,04,https://twitter.com/TheWhiteWaIker/status/1541997495567282176,[],[],0,,False,0,0,0,,None,,,,,,,"[{'screen_name': 'larrouturou', 'name': 'Pierre Larrouturou', 'id': '18578222'}, {'screen_name': 'zoo_bear', 'name': 'Mohammed Zubair', 'id': '935142655213703168'}, {'screen_name': 'AltNews', 'name': 'Alt News', 'id': '717020664587227136'}, {'screen_name': 'PMOIndia', 'name': 'PMO India', 'id': '471741741'}, {'screen_name': 'India_NHRC', 'name': 'NHRC India', 'id': '1231877652715208705'}, {'screen_name': 'FranceinIndia', 'name': 'Emmanuel Lenain ğŸ‡«ğŸ‡·ğŸ‡ªğŸ‡º', 'id': '1562957431'}, {'screen_name': 'narendramodi', 'name': 'Narendra Modi', 'id': '18839785'}]",,,,
1541996350757552129,1541498855061164034,1656475553000.0,2022-06-29 04:05:53,+0000,,@larrouturou @free_thinker @zoo_bear @AltNews @PMOIndia @India_NHRC @FranceinIndia @narendramodi Pierre why don't u fu..in manage ur own country.  White p.g.  HeII with this liberalism when temples r attacked ppl r killed in terrorism then u plg keep shut.,en,[],[],1508458160486776832,1508458160486776832,jainarahari108,NARAHARI,3,04,https://twitter.com/jainarahari108/status/1541996350757552129,[],[],0,,False,0,0,0,,None,,,,,,,"[{'screen_name': 'larrouturou', 'name': 'Pierre Larrouturou', 'id': '18578222'}, {'screen_name': 'free_thinker', 'name': 'Pratik Sinha', 'id': '7431372'}, {'screen_name': 'zoo_bear', 'name': 'Mohammed Zubair', 'id': '935142655213703168'}, {'screen_name': 'AltNews', 'name': 'Alt News', 'id': '717020664587227136'}, {'screen_name': 'PMOIndia', 'name': 'PMO India', 'id': '471741741'}, {'screen_name': 'India_NHRC', 'name': 'NHRC India', 'id': '1231877652715208705'}, {'screen_name': 'FranceinIndia', 'name': 'Emmanuel Lenain ğŸ‡«ğŸ‡·ğŸ‡ªğŸ‡º', 'id': '1562957431'}, {'screen_name': 'narendramodi', 'name': 'Narendra Modi', 'id': '18839785'}]",,,,
1541995084417466368,1541498855061164034,1656475251000.0,2022-06-29 04:00:51,+0000,,@larrouturou @free_thinker @zoo_bear @AltNews @PMOIndia @India_NHRC @FranceinIndia @narendramodi Give them permanent visa of ur country we will send u all the jahils from this country,en,[],[],1508458160486776832,1508458160486776832,jainarahari108,NARAHARI,3,04,https://twitter.com/jainarahari108/status/1541995084417466368,[],[],0,,False,0,0,0,,None,,,,,,,"[{'screen_name': 'larrouturou', 'name': 'Pierre Larrouturou', 'id': '18578222'}, {'screen_name': 'free_thinker', 'name': 'Pratik Sinha', 'id': '7431372'}, {'screen_name': 'zoo_bear', 'name': 'Mohammed Zubair', 'id': '935142655213703168'}, {'screen_name': 'AltNews', 'name': 'Alt News', 'id': '717020664587227136'}, {'screen_name': 'PMOIndia', 'name': 'PMO India', 'id': '471741741'}, {'screen_name': 'India_NHRC', 'name': 'NHRC India', 'id': '1231877652715208705'}, {'screen_name': 'FranceinIndia', 'name': 'Emmanuel Lenain ğŸ‡«ğŸ‡·ğŸ‡ªğŸ‡º', 'id': '1562957431'}, {'screen_name': 'narendramodi', 'name': 'Narendra Modi', 'id': '18839785'}]",,,,
1541992585153040384,1541498855061164034,1656474655000.0,2022-06-29 03:50:55,+0000,,"@larrouturou @zoo_bear @AltNews @PMOIndia @India_NHRC @FranceinIndia @narendramodi We have a few murderers, rapists, and terrorists in jails as well. Not demanding for their release yet?",en,[],[],2287771358,2287771358,sarcasticSoda,You,3,03,https://twitter.com/sarcasticSoda/status/1541992585153040384,[],[],0,,False,0,0,0,,None,,,,,,,"[{'screen_name': 'larrouturou', 'name': 'Pierre Larrouturou', 'id': '18578222'}, {'screen_name': 'zoo_bear', 'name': 'Mohammed Zubair', 'id': '935142655213703168'}, {'screen_name': 'AltNews', 'name': 'Alt News', 'id': '717020664587227136'}, {'screen_name': 'PMOIndia', 'name': 'PMO India', 'id': '471741741'}, {'screen_name': 'India_NHRC', 'name': 'NHRC India', 'id': '1231877652715208705'}, {'screen_name': 'FranceinIndia', 'name': 'Emmanuel Lenain ğŸ‡«ğŸ‡·ğŸ‡ªğŸ‡º', 'id': '1562957431'}, {'screen_name': 'narendramodi', 'name': 'Narendra Modi', 'id': '18839785'}]",,,,
1541992538927599616,1541498855061164034,1656474644000.0,2022-06-29 03:50:44,+0000,,"@larrouturou @zoo_bear @AltNews @PMOIndia @India_NHRC @FranceinIndia @narendramodi Listen MF ,do not jump on anything if you dont know nothing ..paid fake jurnoâ€¦",en,[],[],1444604403198029828,1444604403198029828,SHIVACINE16,LORD OF UNIVERSEğŸ”±,3,03,https://twitter.com/SHIVACINE16/status/1541992538927599616,[],[],0,,False,0,0,0,,None,,,,,,,"[{'screen_name': 'larrouturou', 'name': 'Pierre Larrouturou', 'id': '18578222'}, {'screen_name': 'zoo_bear', 'name': 'Mohammed Zubair', 'id': '935142655213703168'}, {'screen_name': 'AltNews', 'name': 'Alt News', 'id': '717020664587227136'}, {'screen_name': 'PMOIndia', 'name': 'PMO India', 'id': '471741741'}, {'screen_name': 'India_NHRC', 'name': 'NHRC India', 'id': '1231877652715208705'}, {'screen_name': 'FranceinIndia', 'name': 'Emmanuel Lenain ğŸ‡«ğŸ‡·ğŸ‡ªğŸ‡º', 'id': '1562957431'}, {'screen_name': 'narendramodi', 'name': 'Narendra Modi', 'id': '18839785'}]",,,,
1541991056241491973,1541498855061164034,1656474291000.0,2022-06-29 03:44:51,+0000,,@larrouturou @zoo_bear @AltNews @PMOIndia @India_NHRC @FranceinIndia @narendramodi India under BJP Sangh Parivar is pathetic.. People of India suffering by this Elected Hindu Extrimists ideaology,en,[],[],1282586462660235264,1282586462660235264,sain_me_,Sain Being Me,3,03,https://twitter.com/sain_me_/status/1541991056241491973,[],[],0,,False,0,0,0,,None,,,,,,,"[{'screen_name': 'larrouturou', 'name': 'Pierre Larrouturou', 'id': '18578222'}, {'screen_name': 'zoo_bear', 'name': 'Mohammed Zubair', 'id': '935142655213703168'}, {'screen_name': 'AltNews', 'name': 'Alt News', 'id': '717020664587227136'}, {'screen_name': 'PMOIndia', 'name': 'PMO India', 'id': '471741741'}, {'screen_name': 'India_NHRC', 'name': 'NHRC India', 'id': '1231877652715208705'}, {'screen_name': 'FranceinIndia', 'name': 'Emmanuel Lenain ğŸ‡«ğŸ‡·ğŸ‡ªğŸ‡º', 'id': '1562957431'}, {'screen_name': 'narendramodi', 'name': 'Narendra Modi', 'id': '18839785'}]",,,,
1541989972848156673,1541498855061164034,1656474032000.0,2022-06-29 03:40:32,+0000,,@larrouturou @zoo_bear @AltNews @PMOIndia @India_NHRC @FranceinIndia @narendramodi Now corrected ğŸ‘  https://t.co/18uKP11tfK,en,[],[],922491808956915713,922491808956915713,Phoenix_on_Rise,The Maverick,3,03,https://twitter.com/Phoenix_on_Rise/status/1541989972848156673,[],['https://pbs.twimg.com/media/FWY_tSIUcAA6O7j.jpg'],1,https://pbs.twimg.com/media/FWY_tSIUcAA6O7j.jpg,False,1,0,0,,None,,,,,,,"[{'screen_name': 'larrouturou', 'name': 'Pierre Larrouturou', 'id': '18578222'}, {'screen_name': 'zoo_bear', 'name': 'Mohammed Zubair', 'id': '935142655213703168'}, {'screen_name': 'AltNews', 'name': 'Alt News', 'id': '717020664587227136'}, {'screen_name': 'PMOIndia', 'name': 'PMO India', 'id': '471741741'}, {'screen_name': 'India_NHRC', 'name': 'NHRC India', 'id': '1231877652715208705'}, {'screen_name': 'FranceinIndia', 'name': 'Emmanuel Lenain ğŸ‡«ğŸ‡·ğŸ‡ªğŸ‡º', 'id': '1562957431'}, {'screen_name': 'narendramodi', 'name': 'Narendra Modi', 'id': '18839785'}]",,,,
1541985471546265601,1541498855061164034,1656472959000.0,2022-06-29 03:22:39,+0000,,@larrouturou @zoo_bear @AltNews @PMOIndia @India_NHRC @FranceinIndia @narendramodi  https://t.co/D1ved5U65E,qme,[],[],1496399024370323456,1496399024370323456,shradesai,shraddesh desai,3,03,https://twitter.com/shradesai/status/1541985471546265601,[],['https://pbs.twimg.com/media/FWY7m7xXwAAZP5V.jpg'],1,https://pbs.twimg.com/media/FWY7m7xXwAAZP5V.jpg,False,3,0,1,,None,,,,,,,"[{'screen_name': 'larrouturou', 'name': 'Pierre Larrouturou', 'id': '18578222'}, {'screen_name': 'zoo_bear', 'name': 'Mohammed Zubair', 'id': '935142655213703168'}, {'screen_name': 'AltNews', 'name': 'Alt News', 'id': '717020664587227136'}, {'screen_name': 'PMOIndia', 'name': 'PMO India', 'id': '471741741'}, {'screen_name': 'India_NHRC', 'name': 'NHRC India', 'id': '1231877652715208705'}, {'screen_name': 'FranceinIndia', 'name': 'Emmanuel Lenain ğŸ‡«ğŸ‡·ğŸ‡ªğŸ‡º', 'id': '1562957431'}]",,,,
1541982923154259968,1541498855061164034,1656472352000.0,2022-06-29 03:12:32,+0000,,@larrouturou @free_thinker @zoo_bear @AltNews @PMOIndia @India_NHRC @FranceinIndia @narendramodi U lair mind in ur wrk in ur country not overs,en,[],[],270787374,270787374,anshsem,Ankur Agarwal,3,03,https://twitter.com/anshsem/status/1541982923154259968,[],[],0,,False,0,0,0,,None,,,,,,,"[{'screen_name': 'larrouturou', 'name': 'Pierre Larrouturou', 'id': '18578222'}, {'screen_name': 'free_thinker', 'name': 'Pratik Sinha', 'id': '7431372'}, {'screen_name': 'zoo_bear', 'name': 'Mohammed Zubair', 'id': '935142655213703168'}, {'screen_name': 'AltNews', 'name': 'Alt News', 'id': '717020664587227136'}, {'screen_name': 'PMOIndia', 'name': 'PMO India', 'id': '471741741'}, {'screen_name': 'India_NHRC', 'name': 'NHRC India', 'id': '1231877652715208705'}, {'screen_name': 'FranceinIndia', 'name': 'Emmanuel Lenain ğŸ‡«ğŸ‡·ğŸ‡ªğŸ‡º', 'id': '1562957431'}, {'screen_name': 'narendramodi', 'name': 'Narendra Modi', 'id': '18839785'}]",,,,
1541980446828937216,1541498855061164034,1656471761000.0,2022-06-29 03:02:41,+0000,,@larrouturou @sukiyer18 @zoo_bear @AltNews @PMOIndia @India_NHRC @FranceinIndia @narendramodi ğŸ–•ğŸ–•ğŸ–•,und,[],[],931193844191735808,931193844191735808,Virampampaniya4,vicky_à¥_,3,03,https://twitter.com/Virampampaniya4/status/1541980446828937216,[],[],0,,False,0,0,0,,None,,,,,,,"[{'screen_name': 'larrouturou', 'name': 'Pierre Larrouturou', 'id': '18578222'}, {'screen_name': 'sukiyer18', 'name': 'Suki Iyer', 'id': '32295550'}, {'screen_name': 'zoo_bear', 'name': 'Mohammed Zubair', 'id': '935142655213703168'}, {'screen_name': 'AltNews', 'name': 'Alt News', 'id': '717020664587227136'}, {'screen_name': 'PMOIndia', 'name': 'PMO India', 'id': '471741741'}, {'screen_name': 'India_NHRC', 'name': 'NHRC India', 'id': '1231877652715208705'}, {'screen_name': 'FranceinIndia', 'name': 'Emmanuel Lenain ğŸ‡«ğŸ‡·ğŸ‡ªğŸ‡º', 'id': '1562957431'}, {'screen_name': 'narendramodi', 'name': 'Narendra Modi', 'id': '18839785'}]",,,,
1541976948611907584,1541498855061164034,1656470927000.0,2022-06-29 02:48:47,+0000,,"@larrouturou @zoo_bear @AltNews @PMOIndia @India_NHRC @FranceinIndia @narendramodi Because of him, two innocent Hindus were butchered by Jihadists. @zoo_bear asked the Muslims to come out on the streets and protest. STOP defending terrorist sympathizers. STOP interfering in other countries internal issues.",en,[],[],789551922,789551922,mvmm12,mv m menon,3,02,https://twitter.com/mvmm12/status/1541976948611907584,[],[],0,,False,0,0,0,,None,,,,,,,"[{'screen_name': 'larrouturou', 'name': 'Pierre Larrouturou', 'id': '18578222'}, {'screen_name': 'zoo_bear', 'name': 'Mohammed Zubair', 'id': '935142655213703168'}, {'screen_name': 'AltNews', 'name': 'Alt News', 'id': '717020664587227136'}, {'screen_name': 'PMOIndia', 'name': 'PMO India', 'id': '471741741'}, {'screen_name': 'India_NHRC', 'name': 'NHRC India', 'id': '1231877652715208705'}, {'screen_name': 'FranceinIndia', 'name': 'Emmanuel Lenain ğŸ‡«ğŸ‡·ğŸ‡ªğŸ‡º', 'id': '1562957431'}, {'screen_name': 'narendramodi', 'name': 'Narendra Modi', 'id': '18839785'}]",,,,
1541974986222493696,1541498855061164034,1656470459000.0,2022-06-29 02:40:59,+0000,,@larrouturou @free_thinker @zoo_bear @AltNews @PMOIndia @India_NHRC @FranceinIndia @narendramodi  https://t.co/J7ZP5Q9FNe,qme,[],[],4491015387,4491015387,kewal_negi,Kewal singh negi,3,02,https://twitter.com/kewal_negi/status/1541974986222493696,['https://twitter.com/vijdankawoosa/status/1541830370940792832?t=mh_AJnol7OdHlgqph_kbbw&s=19'],[],0,,False,0,0,0,https://twitter.com/vijdankawoosa/status/1541830370940792832?t=mh_AJnol7OdHlgqph_kbbw&s=19,None,,,,,,,"[{'screen_name': 'larrouturou', 'name': 'Pierre Larrouturou', 'id': '18578222'}, {'screen_name': 'free_thinker', 'name': 'Pratik Sinha', 'id': '7431372'}, {'screen_name': 'zoo_bear', 'name': 'Mohammed Zubair', 'id': '935142655213703168'}, {'screen_name': 'AltNews', 'name': 'Alt News', 'id': '717020664587227136'}, {'screen_name': 'PMOIndia', 'name': 'PMO India', 'id': '471741741'}, {'screen_name': 'India_NHRC', 'name': 'NHRC India', 'id': '1231877652715208705'}, {'screen_name': 'FranceinIndia', 'name': 'Emmanuel Lenain ğŸ‡«ğŸ‡·ğŸ‡ªğŸ‡º', 'id': '1562957431'}, {'screen_name': 'narendramodi', 'name': 'Narendra Modi', 'id': '18839785'}]",,,,
1541973913311543296,1541498855061164034,1656470204000.0,2022-06-29 02:36:44,+0000,,@larrouturou @zoo_bear @AltNews @PMOIndia @India_NHRC @FranceinIndia @narendramodi And you are?,en,[],[],1490329101088931840,1490329101088931840,HimalayasOuter,OuterHimalayas,3,02,https://twitter.com/HimalayasOuter/status/1541973913311543296,[],[],0,,False,0,0,0,,None,,,,,,,"[{'screen_name': 'larrouturou', 'name': 'Pierre Larrouturou', 'id': '18578222'}, {'screen_name': 'zoo_bear', 'name': 'Mohammed Zubair', 'id': '935142655213703168'}, {'screen_name': 'AltNews', 'name': 'Alt News', 'id': '717020664587227136'}, {'screen_name': 'PMOIndia', 'name': 'PMO India', 'id': '471741741'}, {'screen_name': 'India_NHRC', 'name': 'NHRC India', 'id': '1231877652715208705'}, {'screen_name': 'FranceinIndia', 'name': 'Emmanuel Lenain ğŸ‡«ğŸ‡·ğŸ‡ªğŸ‡º', 'id': '1562957431'}, {'screen_name': 'narendramodi', 'name': 'Narendra Modi', 'id': '18839785'}]",,,,
1541973228557463552,1541498855061164034,1656470040000.0,2022-06-29 02:34:00,+0000,,@larrouturou @zoo_bear @AltNews @PMOIndia @India_NHRC @FranceinIndia @narendramodi Ae jaa bey chomu.,in,[],[],1394325440563609600,1394325440563609600,BabuRao_Deva,Babu Rao,3,02,https://twitter.com/BabuRao_Deva/status/1541973228557463552,[],[],0,,False,0,0,0,,None,,,,,,,"[{'screen_name': 'larrouturou', 'name': 'Pierre Larrouturou', 'id': '18578222'}, {'screen_name': 'zoo_bear', 'name': 'Mohammed Zubair', 'id': '935142655213703168'}, {'screen_name': 'AltNews', 'name': 'Alt News', 'id': '717020664587227136'}, {'screen_name': 'PMOIndia', 'name': 'PMO India', 'id': '471741741'}, {'screen_name': 'India_NHRC', 'name': 'NHRC India', 'id': '1231877652715208705'}, {'screen_name': 'FranceinIndia', 'name': 'Emmanuel Lenain ğŸ‡«ğŸ‡·ğŸ‡ªğŸ‡º', 'id': '1562957431'}, {'screen_name': 'narendramodi', 'name': 'Narendra Modi', 'id': '18839785'}]",,,,
1541972647822561280,1541498855061164034,1656469902000.0,2022-06-29 02:31:42,+0000,,@larrouturou @zoo_bear @AltNews @PMOIndia @India_NHRC @FranceinIndia @narendramodi Sit and stand all you want mate! We donâ€™t give a ratâ€™s Arse! The nation is above all these rascals. Law of the land will be upheld! You can take your lousy ass human rights elsewhere ğŸ˜¤,en,[],[],728162051974041600,728162051974041600,ashwinpshenoy,Ashwin Shenoy,3,02,https://twitter.com/ashwinpshenoy/status/1541972647822561280,[],[],0,,False,0,0,0,,None,,,,,,,"[{'screen_name': 'larrouturou', 'name': 'Pierre Larrouturou', 'id': '18578222'}, {'screen_name': 'zoo_bear', 'name': 'Mohammed Zubair', 'id': '935142655213703168'}, {'screen_name': 'AltNews', 'name': 'Alt News', 'id': '717020664587227136'}, {'screen_name': 'PMOIndia', 'name': 'PMO India', 'id': '471741741'}, {'screen_name': 'India_NHRC', 'name': 'NHRC India', 'id': '1231877652715208705'}, {'screen_name': 'FranceinIndia', 'name': 'Emmanuel Lenain ğŸ‡«ğŸ‡·ğŸ‡ªğŸ‡º', 'id': '1562957431'}, {'screen_name': 'narendramodi', 'name': 'Narendra Modi', 'id': '18839785'}]",,,,
1541971620809416704,1541498855061164034,1656469657000.0,2022-06-29 02:27:37,+0000,,@larrouturou @zoo_bear @AltNews @PMOIndia @India_NHRC @FranceinIndia @narendramodi ğŸ–• TMC,und,[],[],1222189064889098240,1222189064889098240,lonerangerin,Lone Ranger ğŸš©,3,02,https://twitter.com/lonerangerin/status/1541971620809416704,[],[],0,,False,0,0,0,,None,,,,,,,"[{'screen_name': 'larrouturou', 'name': 'Pierre Larrouturou', 'id': '18578222'}, {'screen_name': 'zoo_bear', 'name': 'Mohammed Zubair', 'id': '935142655213703168'}, {'screen_name': 'AltNews', 'name': 'Alt News', 'id': '717020664587227136'}, {'screen_name': 'PMOIndia', 'name': 'PMO India', 'id': '471741741'}, {'screen_name': 'India_NHRC', 'name': 'NHRC India', 'id': '1231877652715208705'}, {'screen_name': 'FranceinIndia', 'name': 'Emmanuel Lenain ğŸ‡«ğŸ‡·ğŸ‡ªğŸ‡º', 'id': '1562957431'}, {'screen_name': 'narendramodi', 'name': 'Narendra Modi', 'id': '18839785'}]",,,,
1541965856539758592,1541498855061164034,1656468283000.0,2022-06-29 02:04:43,+0000,,@larrouturou @zoo_bear @AltNews @PMOIndia @India_NHRC @FranceinIndia @narendramodi We know your dirty agenda for India and those that you are standing up for are your stooges. So shut the F*** up and mind your own business. This is India's internal matter.Dont try to poke your dirty nose ğŸ‘ƒ in India's affairs.,en,[],[],67393415,67393415,rajesh104,Raaj,3,02,https://twitter.com/rajesh104/status/1541965856539758592,[],[],0,,False,0,0,0,,None,,,,,,,"[{'screen_name': 'larrouturou', 'name': 'Pierre Larrouturou', 'id': '18578222'}, {'screen_name': 'zoo_bear', 'name': 'Mohammed Zubair', 'id': '935142655213703168'}, {'screen_name': 'AltNews', 'name': 'Alt News', 'id': '717020664587227136'}, {'screen_name': 'PMOIndia', 'name': 'PMO India', 'id': '471741741'}, {'screen_name': 'India_NHRC', 'name': 'NHRC India', 'id': '1231877652715208705'}, {'screen_name': 'FranceinIndia', 'name': 'Emmanuel Lenain ğŸ‡«ğŸ‡·ğŸ‡ªğŸ‡º', 'id': '1562957431'}, {'screen_name': 'narendramodi', 'name': 'Narendra Modi', 'id': '18839785'}]",,,,
1541964579814907904,1541498855061164034,1656467978000.0,2022-06-29 01:59:38,+0000,,@larrouturou @zoo_bear @AltNews @PMOIndia @India_NHRC @FranceinIndia @narendramodi Insulting Hindu God's is liberty and insulting Muslim's God is suppression???  #Udaipur #JusticeForKanhaiyaLal,en,"['udaipur', 'justiceforkanhaiyalal']",[],389076641,389076641,nimminavya,Namrata Sinha,3,01,https://twitter.com/nimminavya/status/1541964579814907904,[],[],0,,False,0,0,0,,None,,,,,,,"[{'screen_name': 'larrouturou', 'name': 'Pierre Larrouturou', 'id': '18578222'}, {'screen_name': 'zoo_bear', 'name': 'Mohammed Zubair', 'id': '935142655213703168'}, {'screen_name': 'AltNews', 'name': 'Alt News', 'id': '717020664587227136'}, {'screen_name': 'PMOIndia', 'name': 'PMO India', 'id': '471741741'}, {'screen_name': 'India_NHRC', 'name': 'NHRC India', 'id': '1231877652715208705'}, {'screen_name': 'FranceinIndia', 'name': 'Emmanuel Lenain ğŸ‡«ğŸ‡·ğŸ‡ªğŸ‡º', 'id': '1562957431'}, {'screen_name': 'narendramodi', 'name': 'Narendra Modi', 'id': '18839785'}]",,,,
1541959555281715200,1541498855061164034,1656466780000.0,2022-06-29 01:39:40,+0000,,@larrouturou @free_thinker @zoo_bear @AltNews @PMOIndia @India_NHRC @FranceinIndia @narendramodi Who are you bald f,en,[],[],1362785409051226118,1362785409051226118,ranveer2252,Ranveer,3,01,https://twitter.com/ranveer2252/status/1541959555281715200,[],[],0,,False,0,0,0,,None,,,,,,,"[{'screen_name': 'larrouturou', 'name': 'Pierre Larrouturou', 'id': '18578222'}, {'screen_name': 'free_thinker', 'name': 'Pratik Sinha', 'id': '7431372'}, {'screen_name': 'zoo_bear', 'name': 'Mohammed Zubair', 'id': '935142655213703168'}, {'screen_name': 'AltNews', 'name': 'Alt News', 'id': '717020664587227136'}, {'screen_name': 'PMOIndia', 'name': 'PMO India', 'id': '471741741'}, {'screen_name': 'India_NHRC', 'name': 'NHRC India', 'id': '1231877652715208705'}, {'screen_name': 'FranceinIndia', 'name': 'Emmanuel Lenain ğŸ‡«ğŸ‡·ğŸ‡ªğŸ‡º', 'id': '1562957431'}, {'screen_name': 'narendramodi', 'name': 'Narendra Modi', 'id': '18839785'}]",,,,
